team_team,team_TeamSp,team_TeamID,team_x3fg,team_x3fga,team_blks,team_bkpg,team_ast,team_apg,team_opp_fg,team_opp_fga,team_opp_fg_percent,team_fgm,team_fga,team_fg_percent,team_o_rebs,team_d_rebs,team_reb,team_rpg,team_st,team_gm,team_w_l,team_to,team_topg,team_rank,team_w,team_l,team_pct
auburn,auburn,1120,454,1204,190,4.8,572,14.3,940,2153,43.7,1097,2439,45,465,903,1368,34.2,369,40,30-10,466,11.7,31,30,10,75
savannahst,savannahst,1366,351,1199,96,3.1,462,14.9,955,2063,46.3,825,2080,39.7,382,806,1188,38.32,234,31,11-20,478,15.4,281,11,20,35.5
villanova,villanova,1437,380,1081,106,2.9,503,14,877,2012,43.6,884,2019,43.8,371,886,1257,34.92,194,36,26-10,401,11.1,44,26,10,72.2
thecitadel,citadel,1154,370,1076,110,3.7,463,15.4,909,1969,46.2,899,2011,44.7,322,782,1104,36.8,201,30,12-18,386,12.9,256,12,18,40
marshall,marshall,1267,362,1058,170,4.6,528,14.3,1071,2340,45.8,1047,2367,44.2,329,931,1260,34.05,334,37,23-14,453,12.2,91,23,14,62.2
presbyterian,presbyterian,1342,394,1034,69,1.9,565,15.7,918,2056,44.6,966,2150,44.9,332,916,1248,34.67,214,36,20-16,358,9.9,136,20,16,55.6
buffalo,buffalo,1138,344,1022,140,3.9,599,16.6,916,2180,42,1083,2344,46.2,456,1014,1470,40.83,263,36,32-4,433,12,4,32,4,88.9
winthrop,winthrop,1457,372,997,83,2.8,460,15.3,842,1945,43.3,855,1878,45.5,330,901,1231,41.03,134,30,18-12,456,15.2,106,18,12,60
newmexicost,newmexico,1307,326,977,91,2.6,514,14.7,789,1882,41.9,962,2092,46,447,896,1343,38.37,197,35,30-5,419,12,5,30,5,85.7
newmexicost,newmexicost,1308,326,977,91,2.6,514,14.7,789,1882,41.9,962,2092,46,447,896,1343,38.37,197,35,30-5,419,12,5,30,5,85.7
purdue,purdue,1345,365,977,143,4,518,14.4,831,1997,41.6,967,2145,45.1,431,907,1338,37.17,220,36,26-10,382,10.6,44,26,10,72.2
creighton,creighton,1166,372,961,92,2.6,561,16,943,2063,45.7,980,2044,47.9,292,904,1196,34.17,237,35,20-15,465,13.3,129,20,15,57.1
purduefortwayne,fortwayne,1236,360,949,158,4.8,525,15.9,951,2093,45.4,991,2059,48.1,279,861,1140,34.55,247,33,18-15,395,12,141,18,15,54.5
purduefortwayne,purdue,1345,360,949,158,4.8,525,15.9,951,2093,45.4,991,2059,48.1,279,861,1140,34.55,247,33,18-15,395,12,141,18,15,54.5
charlestonso,charleston,1158,324,945,110,3.2,487,14.3,828,1931,42.9,926,2156,42.9,410,867,1277,37.56,263,34,18-16,441,13,156,18,16,52.9
charlestonso,charlestonso,1149,324,945,110,3.2,487,14.3,828,1931,42.9,926,2156,42.9,410,867,1277,37.56,263,34,18-16,441,13,156,18,16,52.9
elon,elon,1189,335,942,59,1.8,468,14.6,876,1935,45.3,812,1861,43.6,268,815,1083,33.84,135,32,11-21,413,12.9,288,11,21,34.4
houston,houston,1222,333,939,161,4.4,546,14.8,749,2035,36.8,982,2203,44.6,455,1047,1502,40.59,240,37,33-4,410,11.1,2,33,4,89.2
longwood,longwood,1255,333,939,71,2.1,401,11.8,806,1932,41.7,803,1875,42.8,291,903,1194,35.12,210,34,16-18,477,14,206,16,18,47.1
furman,furman,1202,338,935,137,4.2,524,15.9,818,1951,41.9,930,1962,47.4,326,844,1170,35.45,288,33,25-8,407,12.3,28,25,8,75.8
texas,texas,1400,325,934,152,4.1,486,13.1,882,2084,42.3,929,2146,43.3,360,904,1264,34.16,227,37,21-16,401,10.8,134,21,16,56.8
wofford,wofford,1459,385,929,105,3,528,15.1,818,1924,42.5,1044,2132,49,365,861,1226,35.03,233,35,30-5,381,10.9,5,30,5,85.7
akron,akron,1103,297,929,106,3.2,399,12.1,760,1919,39.6,797,1948,40.9,313,892,1205,36.52,185,33,17-16,388,11.8,169,17,16,51.5
quinnipiac,quinnipiac,1346,348,923,62,2,393,12.7,840,1893,44.4,739,1730,42.7,316,795,1111,35.84,159,31,16-15,418,13.5,165,16,15,51.6
fiu,fiu,1198,279,923,155,4.6,491,14.4,980,2147,45.6,986,2239,44,372,846,1218,35.82,359,34,20-14,477,14,114,20,14,58.8
belmont,belmont,1125,343,922,125,3.8,645,19.5,895,2111,42.4,1042,2094,49.8,290,985,1275,38.64,220,33,27-6,377,11.4,13,27,6,81.8
campbell,campbell,1144,313,912,104,3.2,482,14.6,807,1800,44.8,867,1906,45.5,268,782,1050,31.82,218,33,20-13,337,10.2,101,20,13,60.6
northdakotast,northdakota,1315,332,910,87,2.5,402,11.5,942,2043,46.1,874,1926,45.4,232,872,1104,31.54,160,35,19-16,369,10.5,148,19,16,54.3
duke,duke,1181,278,903,257,6.8,606,15.9,960,2415,39.8,1157,2418,47.8,497,1070,1567,41.24,346,38,32-6,488,12.8,9,32,6,84.2
fresnost,fresnost,1201,342,897,111,3.5,457,14.3,750,1788,41.9,847,1866,45.4,300,842,1142,35.69,228,32,23-9,400,12.5,47,23,9,71.9
northflorida,florida,1196,308,897,165,5,520,15.8,939,2162,43.4,902,2014,44.8,363,889,1252,37.94,212,33,16-17,536,16.2,194,16,17,48.5
northflorida,northflorida,1316,308,897,165,5,520,15.8,939,2162,43.4,902,2014,44.8,363,889,1252,37.94,212,33,16-17,536,16.2,194,16,17,48.5
youngstownst,youngstownst,1464,303,891,115,3.6,449,14,880,1898,46.4,879,2057,42.7,422,785,1207,37.72,210,32,12-20,423,13.2,270,12,20,37.5
wichitast,wichitast,1455,276,890,135,3.6,499,13.5,863,2082,41.5,929,2277,40.8,456,960,1416,38.27,174,37,22-15,449,12.1,109,22,15,59.5
bucknell,bucknell,1137,311,885,116,3.5,519,15.7,867,1995,43.5,867,1928,45,289,865,1154,34.97,173,33,21-12,408,12.4,81,21,12,63.6
nichollsst,nicholls,1311,324,884,128,4.1,428,13.8,829,1872,44.3,807,1915,42.1,282,759,1041,33.58,208,31,14-17,386,12.5,222,14,17,45.2
davidson,davidson,1172,312,882,82,2.4,499,14.7,778,1905,40.8,852,1893,45,266,919,1185,34.85,175,34,24-10,379,11.1,49,24,10,70.6
greenbay,greenbay,1453,303,878,151,4,577,15.2,1082,2431,44.5,1106,2413,45.8,388,1018,1406,37,290,38,21-17,497,13.1,138,21,17,55.3
lipscomb,lipscomb,1252,327,876,108,2.9,654,17.7,929,2227,41.7,1071,2230,48,334,1044,1378,37.24,268,37,29-8,490,13.2,25,29,8,78.4
liberty,liberty,1251,322,873,96,2.7,532,14.8,790,1894,41.7,963,1977,48.7,275,899,1174,32.61,223,36,29-7,395,11,17,29,7,80.6
florida,florida,1196,291,872,131,3.6,437,12.1,806,1916,42.1,857,2015,42.5,376,822,1198,33.28,257,36,20-16,420,11.7,136,20,16,55.6
saintjosephs,saintjosephs,1386,280,869,110,3.3,397,12,852,1948,43.7,793,1943,40.8,265,875,1140,34.55,186,33,14-19,306,9.3,241,14,19,42.4
notredame,notredame,1323,272,863,148,4.5,423,12.8,861,2006,42.9,776,1973,39.3,370,838,1208,36.61,179,33,14-19,306,9.3,241,14,19,42.4
armywestpoint,army,1119,272,863,50,1.6,499,15.6,843,1853,45.5,837,1956,42.8,264,861,1125,35.16,198,32,13-19,376,11.8,248,13,19,40.6
northcarolina,northcarolina,1314,312,862,120,3.3,677,18.8,935,2248,41.6,1118,2410,46.4,480,1097,1577,43.81,252,36,29-7,472,13.1,17,29,7,80.6
toledo,toledo,1405,325,860,152,4.6,539,16.3,832,2026,41.1,901,1992,45.2,332,952,1284,38.91,170,33,25-8,401,12.2,28,25,8,75.8
louisville,louisville,1257,294,860,98,2.9,458,13.5,819,2008,40.8,854,1967,43.4,347,950,1297,38.15,149,34,20-14,414,12.2,114,20,14,58.8
georgiast,georgia,1208,330,859,158,4.6,415,12.2,872,2051,42.5,903,1968,45.9,275,835,1110,32.65,269,34,24-10,391,11.5,49,24,10,70.6
georgiast,georgiast,1209,330,859,158,4.6,415,12.2,872,2051,42.5,903,1968,45.9,275,835,1110,32.65,269,34,24-10,391,11.5,49,24,10,70.6
northeastern,northeastern,1318,328,858,74,2.2,480,14.1,889,1931,46,880,1848,47.6,239,836,1075,31.62,211,34,23-11,381,11.2,59,23,11,67.6
nevada,nevada,1305,297,855,134,3.9,498,14.6,815,1986,41,924,1999,46.2,326,947,1273,37.44,211,34,29-5,352,10.4,7,29,5,85.3
westvirginia,virginia,1438,269,852,126,3.5,488,13.6,967,2110,45.8,901,2181,41.3,525,900,1425,39.58,223,36,15-21,557,15.5,247,15,21,41.7
westvirginia,westvirginia,1452,269,852,126,3.5,488,13.6,967,2110,45.8,901,2181,41.3,525,900,1425,39.58,223,36,15-21,557,15.5,247,15,21,41.7
texassouthern,southern,1380,276,852,114,3,591,15.6,1100,2439,45.1,1084,2380,45.5,475,1027,1502,39.53,309,38,24-14,588,15.5,86,24,14,63.2
texassouthern,texas,1400,276,852,114,3,591,15.6,1100,2439,45.1,1084,2380,45.5,475,1027,1502,39.53,309,38,24-14,588,15.5,86,24,14,63.2
texassouthern,texassouthern,1411,276,852,114,3,591,15.6,1100,2439,45.1,1084,2380,45.5,475,1027,1502,39.53,309,38,24-14,588,15.5,86,24,14,63.2
siena,siena,1373,288,849,93,2.8,415,12.6,811,1757,46.2,772,1779,43.4,253,720,973,29.48,190,33,17-16,323,9.8,169,17,16,51.5
hartford,hartford,1216,322,846,69,2.1,462,14,865,1911,45.3,848,1862,45.5,281,770,1051,31.85,228,33,18-15,401,12.2,141,18,15,54.5
iona,iona,1233,297,845,90,2.7,432,13.1,900,2021,44.5,857,1897,45.2,284,843,1127,34.15,223,33,17-16,409,12.4,169,17,16,51.5
newmexico,newmexico,1307,292,845,107,3.3,446,13.9,869,1925,45.1,814,1929,42.2,362,841,1203,37.59,220,32,14-18,456,14.3,229,14,18,43.8
hampton,hampton,1214,291,844,121,3.5,487,13.9,927,2180,42.5,966,2236,43.2,374,996,1370,39.14,215,35,18-17,379,10.8,180,18,17,51.4
michiganst,michigan,1276,319,844,205,5.3,715,18.3,905,2378,38.1,1071,2230,48,421,1159,1580,40.51,201,39,32-7,493,12.6,12,32,7,82.1
michiganst,michiganst,1277,319,844,205,5.3,715,18.3,905,2378,38.1,1071,2230,48,421,1159,1580,40.51,201,39,32-7,493,12.6,12,32,7,82.1
coppinst,coppinst,1164,240,841,115,3.5,326,9.9,868,2024,42.9,710,1827,38.9,320,897,1217,36.88,169,33,8-25,555,16.8,331,8,25,24.2
duquesne,duquesne,1182,271,841,151,4.7,442,13.8,839,1904,44.1,810,1894,42.8,379,754,1133,35.41,250,32,19-13,451,14.1,110,19,13,59.4
samhoustonst,houston,1222,308,840,94,2.8,555,16.8,774,1775,43.6,889,2011,44.2,369,822,1191,36.09,242,33,21-12,413,12.5,81,21,12,63.6
samhoustonst,samhoustonst,1358,308,840,94,2.8,555,16.8,774,1775,43.6,889,2011,44.2,369,822,1191,36.09,242,33,21-12,413,12.5,81,21,12,63.6
oregon,oregon,1332,295,840,162,4.3,501,13.2,807,2027,39.8,958,2126,45.1,365,936,1301,34.24,290,38,25-13,443,11.7,68,25,13,65.8
michigan,michigan,1276,287,839,149,4,512,13.8,823,2073,39.7,941,2102,44.8,308,993,1301,35.16,225,37,30-7,336,9.1,15,30,7,81.1
northtexas,northtexas,1317,284,838,88,2.7,428,13,718,1766,40.7,831,1910,43.5,371,875,1246,37.76,210,33,21-12,445,13.5,81,21,12,63.6
northtexas,texas,1400,284,838,88,2.7,428,13,718,1766,40.7,831,1910,43.5,371,875,1246,37.76,210,33,21-12,445,13.5,81,21,12,63.6
fordham,fordham,1200,276,831,108,3.4,360,11.3,746,1725,43.2,759,1890,40.2,306,779,1085,33.91,188,32,12-20,346,10.8,270,12,20,37.5
virginiatech,virginia,1438,327,831,78,2.2,531,15.2,758,1856,40.8,893,1900,47,315,827,1142,32.63,236,35,26-9,393,11.2,33,26,9,74.3
virginiatech,virginiatech,1439,327,831,78,2.2,531,15.2,758,1856,40.8,893,1900,47,315,827,1142,32.63,236,35,26-9,393,11.2,33,26,9,74.3
ncstate,ncstate,1301,292,830,138,3.8,539,15,898,2037,44.1,1061,2319,45.8,488,899,1387,38.53,257,36,24-12,449,12.5,64,24,12,66.7
washingtonst,washington,1449,301,828,89,2.8,476,14.9,927,1967,47.1,833,1861,44.8,276,800,1076,33.63,169,32,11-21,441,13.8,288,11,21,34.4
washingtonst,washingtonst,1450,301,828,89,2.8,476,14.9,927,1967,47.1,833,1861,44.8,276,800,1076,33.63,169,32,11-21,441,13.8,288,11,21,34.4
butler,butler,1139,292,827,62,1.9,434,13.2,815,1784,45.7,861,1934,44.5,290,766,1056,32,193,33,16-17,359,10.9,194,16,17,48.5
detroitmercy,detroit,1178,294,825,77,2.5,319,10.3,879,1858,47.3,784,1874,41.8,342,677,1019,32.87,238,31,11-20,356,11.5,281,11,20,35.5
syracuse,syracuse,1393,274,824,162,4.8,408,12,746,1859,40.1,808,1907,42.4,367,809,1176,34.59,278,34,20-14,424,12.5,114,20,14,58.8
marquette,marquette,1266,319,822,146,4.3,456,13.4,819,2020,40.5,893,1969,45.4,336,964,1300,38.24,168,34,24-10,471,13.9,49,24,10,70.6
clevelandst,clevelandst,1156,303,820,97,3.1,460,14.8,864,1937,44.6,799,1834,43.6,310,784,1094,35.29,174,31,10-21,412,13.3,302,10,21,32.3
southfla,southfla,1378,272,819,124,3.3,521,13.7,857,2034,42.1,911,2120,43,519,964,1483,39.03,306,38,24-14,604,15.9,86,24,14,63.2
floridast,florida,1196,272,819,161,4.4,475,12.8,842,2067,40.7,960,2171,44.2,423,968,1391,37.59,266,37,29-8,492,13.3,25,29,8,78.4
floridast,floridast,1199,272,819,161,4.4,475,12.8,842,2067,40.7,960,2171,44.2,423,968,1391,37.59,266,37,29-8,492,13.3,25,29,8,78.4
pepperdine,pepperdine,1337,313,819,95,2.8,479,14.1,893,1919,46.5,865,1949,44.4,292,793,1085,31.91,229,34,16-18,433,12.7,206,16,18,47.1
wrightst,wrightst,1460,281,818,72,2.1,484,13.8,865,1907,45.4,885,2028,43.6,389,841,1230,35.14,214,35,21-14,402,11.5,106,21,14,60
uncgreensboro,ncgreensboro,1422,280,818,139,3.9,453,12.6,867,1981,43.8,997,2184,45.7,403,847,1250,34.72,315,36,29-7,423,11.8,17,29,7,80.6
montanast,montana,1285,306,818,46,1.4,491,15.3,923,1908,48.4,858,1882,45.6,295,788,1083,33.84,169,32,15-17,394,12.3,211,15,17,46.9
montanast,montanast,1286,306,818,46,1.4,491,15.3,923,1908,48.4,858,1882,45.6,295,788,1083,33.84,169,32,15-17,394,12.3,211,15,17,46.9
uscupstate,scupstate,1367,269,817,94,2.9,434,13.6,839,1816,46.2,775,1872,41.4,304,747,1051,32.84,207,32,6-26,440,13.8,341,6,26,18.8
oakland,oakland,1324,314,816,99,3,580,17.6,927,2009,46.1,863,1858,46.4,279,784,1063,32.21,191,33,16-17,427,12.9,194,16,17,48.5
colgate,colgate,1159,320,815,121,3.5,541,15.5,884,2033,43.5,955,1995,47.9,331,909,1240,35.43,213,35,24-11,456,13,57,24,11,68.6
tcu,tcu,1395,281,813,162,4.4,598,16.2,948,2209,42.9,990,2168,45.7,396,950,1346,36.38,255,37,23-14,499,13.5,91,23,14,62.2
virginia,virginia,1438,321,813,149,3.9,544,14.3,769,1995,38.5,974,2056,47.4,348,974,1322,34.79,211,38,35-3,342,9,1,35,3,92.1
iowast,iowa,1234,294,811,160,4.6,527,15.1,877,2097,41.8,974,2047,47.6,326,901,1227,35.06,247,35,23-12,390,11.1,69,23,12,65.7
iowast,iowast,1235,294,811,160,4.6,527,15.1,877,2097,41.8,974,2047,47.6,326,901,1227,35.06,247,35,23-12,390,11.1,69,23,12,65.7
stjohns,stjohns,1385,289,809,111,3.3,472,13.9,853,1961,43.5,944,2100,45,268,849,1117,32.85,302,34,21-13,358,10.5,93,21,13,61.8
sandiego,sandiego,1360,284,808,112,3.1,516,14.3,861,1963,43.9,914,2002,45.7,290,948,1238,34.39,204,36,21-15,465,12.9,124,21,15,58.3
memphis,memphis,1272,260,807,144,4,553,15.4,917,2169,42.3,1013,2241,45.2,442,919,1361,37.81,288,36,22-14,540,15,98,22,14,61.1
utah,utah,1428,298,806,80,2.6,440,14.2,827,1805,45.8,805,1735,46.4,321,775,1096,35.35,144,31,17-14,409,13.2,139,17,14,54.8
stfrancisbrooklyn,brooklyn,1134,270,806,136,4.1,387,11.7,803,1866,43,841,1989,42.3,350,841,1191,36.09,194,33,17-16,413,12.5,169,17,16,51.5
penn,penn,1335,282,803,76,2.5,465,15,796,1841,43.2,821,1810,45.4,272,831,1103,35.58,210,31,19-12,395,12.7,96,19,12,61.3
baylor,baylor,1124,274,803,159,4.7,473,13.9,795,1869,42.5,869,1966,44.2,450,824,1274,37.47,209,34,20-14,447,13.1,114,20,14,58.8
southdakotast,southdakota,1377,327,802,65,2,489,14.8,871,2079,41.9,984,1965,50.1,251,1008,1259,38.15,202,33,24-9,389,11.8,39,24,9,72.7
hofstra,hofstra,1220,308,800,122,3.5,492,14.1,955,2113,45.2,998,2055,48.6,306,862,1168,33.37,228,35,27-8,343,9.8,27,27,8,77.1
nebraska,nebraska,1304,270,800,151,4.2,466,12.9,875,2080,42.1,916,2133,42.9,382,895,1277,35.47,260,36,19-17,345,9.6,163,19,17,52.8
southernutah,southern,1380,272,799,114,3.4,426,12.5,872,2028,43,881,1997,44.1,293,957,1250,36.76,199,34,17-17,466,13.7,182,17,17,50
southernutah,southernutah,1381,272,799,114,3.4,426,12.5,872,2028,43,881,1997,44.1,293,957,1250,36.76,199,34,17-17,466,13.7,182,17,17,50
southernutah,utah,1428,272,799,114,3.4,426,12.5,872,2028,43,881,1997,44.1,293,957,1250,36.76,199,34,17-17,466,13.7,182,17,17,50
rice,rice,1349,277,797,104,3.3,425,13.3,891,1987,44.8,795,1867,42.6,318,906,1224,38.25,171,32,13-19,439,13.7,248,13,19,40.6
chattanooga,chattanooga,1151,290,795,79,2.5,418,13.1,864,1899,45.5,833,1881,44.3,283,813,1096,34.25,139,32,12-20,410,12.8,270,12,20,37.5
canisius,canisius,1145,256,791,108,3.4,466,14.6,835,1782,46.9,798,1834,43.5,301,713,1014,31.69,204,32,15-17,412,12.9,211,15,17,46.9
albany,albany,1107,274,790,78,2.4,402,12.6,807,1797,44.9,728,1750,41.6,303,779,1082,33.81,195,32,12-20,454,14.2,270,12,20,37.5
gonzaga,gonzaga,1211,287,790,204,5.5,668,18.1,877,2256,38.9,1177,2239,52.6,368,1075,1443,39,278,37,33-4,394,10.6,2,33,4,89.2
robertmorris,robertmorris,1352,280,789,92,2.6,487,13.9,820,1832,44.8,861,1991,43.2,380,798,1178,33.66,257,35,18-17,507,14.5,180,18,17,51.4
delawarest,delaware,1174,234,789,66,2.1,333,10.7,818,1817,45,695,1963,35.4,382,762,1144,36.9,214,31,6-25,435,14,339,6,25,19.4
delawarest,delawarest,1175,234,789,66,2.1,333,10.7,818,1817,45,695,1963,35.4,382,762,1144,36.9,214,31,6-25,435,14,339,6,25,19.4
binghamton,binghamton,1127,275,788,152,4.6,324,9.8,877,1977,44.4,793,1842,43.1,249,811,1060,32.12,183,33,10-23,409,12.4,313,10,23,30.3
newhampshire,newhampshire,1306,261,787,53,1.8,325,11.2,688,1552,44.3,623,1656,37.6,260,727,987,34.03,116,29,5-24,356,12.3,344,5,24,17.2
lasalle,lasalle,1247,259,783,98,3.2,391,12.6,774,1698,45.6,719,1798,40,328,730,1058,34.13,230,31,10-21,435,14,302,10,21,32.3
iowa,iowa,1234,285,782,112,3.2,542,15.5,943,2104,44.8,914,2006,45.6,361,885,1246,35.6,211,35,23-12,427,12.2,69,23,12,65.7
washington,washington,1449,273,780,207,5.8,419,11.6,814,1958,41.6,883,1956,45.1,337,790,1127,31.31,323,36,27-9,481,13.4,31,27,9,75
evansville,evansville,1191,264,778,89,2.8,394,12.3,824,1866,44.2,747,1774,42.1,217,875,1092,34.13,184,32,11-21,410,12.8,288,11,21,34.4
grandcanyon,grandcanyon,1213,257,777,75,2.2,478,14.1,848,1945,43.6,907,2006,45.2,351,887,1238,36.41,207,34,20-14,411,12.1,114,20,14,58.8
kentst,kent,1245,261,775,119,3.6,430,13,862,1880,45.9,878,2032,43.2,414,771,1185,35.91,226,33,22-11,378,11.5,64,22,11,66.7
ohiost,ohio,1325,264,774,85,2.4,494,14.1,814,1929,42.2,839,1931,43.4,328,888,1216,34.74,206,35,20-15,439,12.5,129,20,15,57.1
ohiost,ohiost,1326,264,774,85,2.4,494,14.1,814,1929,42.2,839,1931,43.4,328,888,1216,34.74,206,35,20-15,439,12.5,129,20,15,57.1
mississippist,mississippi,1279,292,774,172,5.1,481,14.1,848,1937,43.8,936,1982,47.2,393,820,1213,35.68,274,34,23-11,451,13.3,59,23,11,67.6
mississippist,mississippist,1280,292,774,172,5.1,481,14.1,848,1937,43.8,936,1982,47.2,393,820,1213,35.68,274,34,23-11,451,13.3,59,23,11,67.6
drake,drake,1179,279,773,130,3.8,518,15.2,872,2042,42.7,908,1943,46.7,279,935,1214,35.71,180,34,24-10,449,13.2,49,24,10,70.6
wagner,wagner,1447,236,773,108,3.6,351,11.7,659,1533,43,655,1696,38.6,380,715,1095,36.5,184,30,13-17,414,13.8,239,13,17,43.3
utahst,utah,1428,274,772,147,4.2,598,17.1,790,2009,39.3,959,2039,47,383,1020,1403,40.09,215,35,28-7,447,12.8,20,28,7,80
utahst,utahst,1429,274,772,147,4.2,598,17.1,790,2009,39.3,959,2039,47,383,1020,1403,40.09,215,35,28-7,447,12.8,20,28,7,80
smu,smu,1374,263,772,123,3.8,441,13.8,793,1853,42.8,833,1884,44.2,375,766,1141,35.66,189,32,15-17,351,11,211,15,17,46.9
norfolkst,norfolkst,1313,282,770,154,4.3,457,12.7,831,2033,40.9,900,2079,43.3,366,952,1318,36.61,219,36,22-14,523,14.5,98,22,14,61.1
portlandst,portland,1339,238,769,130,4.1,434,13.6,819,1769,46.3,856,2017,42.4,499,782,1281,40.03,264,32,16-16,449,14,182,16,16,50
portlandst,portlandst,1340,238,769,130,4.1,434,13.6,819,1769,46.3,856,2017,42.4,499,782,1281,40.03,264,32,16-16,449,14,182,16,16,50
coastalcarolina,coastalcar,1157,284,766,78,2.3,451,13.3,839,1933,43.4,899,1986,45.3,390,866,1256,36.94,214,34,17-17,473,13.9,182,17,17,50
montana,montana,1285,287,763,106,3,510,14.6,823,1906,43.2,975,1983,49.2,301,875,1176,33.6,229,35,26-9,418,11.9,33,26,9,74.3
bowlinggreen,bowlinggreen,1132,272,762,90,2.6,427,12.6,879,2064,42.6,945,2134,44.3,410,986,1396,41.06,227,34,22-12,411,12.1,75,22,12,64.7
moreheadst,moreheadst,1287,260,762,137,4.2,441,13.4,924,2029,45.5,855,1993,42.9,361,814,1175,35.61,186,33,13-20,402,12.2,261,13,20,39.4
southalabama,alabama,1104,285,761,141,4.1,471,13.9,866,1927,44.9,867,1883,46,288,805,1093,32.15,201,34,17-17,456,13.4,182,17,17,50
southalabama,southala,1375,285,761,141,4.1,471,13.9,866,1927,44.9,867,1883,46,288,805,1093,32.15,201,34,17-17,456,13.4,182,17,17,50
vermont,vermont,1436,273,761,136,4,399,11.7,768,1834,41.9,864,1887,45.8,314,880,1194,35.12,188,34,27-7,377,11.1,23,27,7,79.4
texastech,texas,1400,277,759,186,4.9,518,13.6,751,2027,37,990,2110,46.9,325,970,1295,34.08,278,38,31-7,457,12,14,31,7,81.6
texastech,texastech,1403,277,759,186,4.9,518,13.6,751,2027,37,990,2110,46.9,325,970,1295,34.08,278,38,31-7,457,12,14,31,7,81.6
georgetown,georgetown,1207,269,757,131,4,541,16.4,913,2111,43.2,894,2017,44.3,354,944,1298,39.33,198,33,19-14,443,13.4,127,19,14,57.6
louisianatech,louisianatech,1256,253,756,115,3.5,440,13.3,804,1882,42.7,840,1928,43.6,368,835,1203,36.45,190,33,20-13,385,11.7,101,20,13,60.6
olddominion,olddominion,1330,264,756,160,4.6,439,12.5,737,1887,39.1,823,2026,40.6,421,944,1365,39,197,35,26-9,408,11.7,33,26,9,74.3
oklahomast,oklahoma,1328,280,753,139,4.3,422,13.2,789,1843,42.8,760,1796,42.3,295,799,1094,34.19,183,32,12-20,389,12.2,270,12,20,37.5
oklahomast,oklahomast,1329,280,753,139,4.3,422,13.2,789,1843,42.8,760,1796,42.3,295,799,1094,34.19,183,32,12-20,389,12.2,270,12,20,37.5
idahost,idaho,1225,274,752,88,2.9,383,12.8,854,1787,47.8,779,1742,44.7,275,700,975,32.5,154,30,11-19,360,12,277,11,19,36.7
idahost,idahost,1226,274,752,88,2.9,383,12.8,854,1787,47.8,779,1742,44.7,275,700,975,32.5,154,30,11-19,360,12,277,11,19,36.7
illinois,illinois,1228,259,751,86,2.6,446,13.5,849,1834,46.3,862,2001,43.1,351,737,1088,32.97,244,33,12-21,436,13.2,279,12,21,36.4
radford,radford,1347,285,751,101,3.1,467,14.2,788,1814,43.4,893,1938,46.1,335,834,1169,35.42,196,33,22-11,358,10.8,64,22,11,66.7
arkansas,arkansas,1116,259,751,172,5.1,543,16,817,1929,42.4,893,2004,44.6,345,798,1143,33.62,276,34,18-16,450,13.2,156,18,16,52.9
arkansas,kansas,1242,259,751,172,5.1,543,16,817,1929,42.4,893,2004,44.6,345,798,1143,33.62,276,34,18-16,450,13.2,156,18,16,52.9
hawaii,hawaii,1218,266,751,66,2.1,478,15.4,774,1727,44.8,788,1746,45.1,280,775,1055,34.03,156,31,18-13,368,11.9,125,18,13,58.1
northernariz,northernariz,1319,259,749,65,2.1,381,12.3,866,1837,47.1,785,1819,43.2,292,764,1056,34.06,196,31,10-21,372,12,302,10,21,32.3
temple,temple,1396,247,748,73,2.2,476,14.4,841,1897,44.3,873,1998,43.7,326,810,1136,34.42,284,33,23-10,368,11.2,55,23,10,69.7
delaware,delaware,1174,282,746,78,2.4,425,12.9,859,1937,44.3,830,1808,45.9,256,827,1083,32.82,149,33,17-16,378,11.5,169,17,16,51.5
brown,brown,1135,255,745,123,3.8,418,13.1,788,1891,41.7,805,1818,44.3,272,886,1158,36.19,241,32,20-12,458,14.3,90,20,12,62.5
northwestern,northwestern,1321,233,745,134,4.2,451,14.1,743,1770,42,735,1828,40.2,278,813,1091,34.09,176,32,13-19,351,11,248,13,19,40.6
texasst,texas,1400,244,744,84,2.5,493,14.5,740,1795,41.2,876,1971,44.4,413,878,1291,37.97,234,34,24-10,455,13.4,49,24,10,70.6
texasst,texasst,1402,244,744,84,2.5,493,14.5,740,1795,41.2,876,1971,44.4,413,878,1291,37.97,234,34,24-10,455,13.4,49,24,10,70.6
kansas,kansas,1242,260,743,139,3.9,478,13.3,898,2201,40.8,989,2128,46.5,376,1001,1377,38.25,243,36,26-10,483,13.4,44,26,10,72.2
setonhall,setonhall,1371,240,741,132,3.9,459,13.5,845,1974,42.8,888,2021,43.9,362,853,1215,35.74,235,34,20-14,423,12.4,114,20,14,58.8
xavier,xavier,1462,245,740,128,3.7,519,14.8,898,2081,43.2,922,1977,46.6,372,912,1284,36.69,190,35,19-16,464,13.3,148,19,16,54.3
utahvalley,utah,1428,283,740,89,2.5,484,13.8,888,2087,42.5,930,1929,48.2,318,950,1268,36.23,201,35,25-10,487,13.9,48,25,10,71.4
utahvalley,utahvalley,1430,283,740,89,2.5,484,13.8,888,2087,42.5,930,1929,48.2,318,950,1268,36.23,201,35,25-10,487,13.9,48,25,10,71.4
fairfield,fairfield,1193,259,740,63,2,401,12.9,748,1625,46,761,1755,43.4,277,691,968,31.23,202,31,9-22,436,14.1,318,9,22,29
vanderbilt,vanderbilt,1435,230,739,126,3.9,371,11.6,816,1884,43.3,736,1750,42.1,325,810,1135,35.47,154,32,9-23,454,14.2,322,9,23,28.1
niagara,niagara,1310,265,738,127,4,343,10.7,902,1946,46.4,795,1887,42.1,321,822,1143,35.72,128,32,13-19,390,12.2,248,13,19,40.6
lafayette,lafayette,1248,280,736,126,4.2,419,14,854,1809,47.2,802,1786,44.9,234,767,1001,33.37,158,30,10-20,402,13.4,300,10,20,33.3
williammary,williammary,1456,254,735,146,4.7,529,17.1,852,1862,45.8,841,1773,47.4,256,803,1059,34.16,158,31,14-17,392,12.6,222,14,17,45.2
southerncalifornia,california,1143,281,735,117,3.5,536,16.2,866,2032,42.6,937,2039,46,324,861,1185,35.91,202,33,16-17,392,11.9,194,16,17,48.5
southerncalifornia,southern,1380,281,735,117,3.5,536,16.2,866,2032,42.6,937,2039,46,324,861,1185,35.91,202,33,16-17,392,11.9,194,16,17,48.5
southerncalifornia,southerncalifornia,1425,281,735,117,3.5,536,16.2,866,2032,42.6,937,2039,46,324,861,1185,35.91,202,33,16-17,392,11.9,194,16,17,48.5
oralroberts,oralroberts,1331,266,734,106,3.3,434,13.6,868,1886,46,854,1874,45.6,338,808,1146,35.81,152,32,11-21,446,13.9,288,11,21,34.4
illinoisst,illinois,1228,244,734,106,3.2,421,12.8,815,1848,44.1,813,1887,43.1,298,841,1139,34.52,162,33,17-16,417,12.6,169,17,16,51.5
illinoisst,illinoisst,1229,244,734,106,3.2,421,12.8,815,1848,44.1,813,1887,43.1,298,841,1139,34.52,162,33,17-16,417,12.6,169,17,16,51.5
cornell,cornell,1165,243,731,107,3.5,453,14.6,825,1881,43.9,754,1705,44.2,203,811,1014,32.71,181,31,15-16,413,13.3,202,15,16,48.4
massachusetts,massachusetts,1269,256,731,93,2.9,469,14.7,800,1773,45.1,808,1832,44.1,343,776,1119,34.97,154,32,11-21,445,13.9,288,11,21,34.4
murrayst,murrayst,1293,258,731,149,4.5,591,17.9,827,2014,41.1,988,2007,49.2,357,893,1250,37.88,249,33,28-5,400,12.1,8,28,5,84.8
kansascity,kansas,1242,259,728,90,2.8,351,11,825,1774,46.5,774,1794,43.1,261,710,971,30.34,233,32,11-21,391,12.2,288,11,21,34.4
missouri,missouri,1281,264,727,53,1.7,354,11.1,738,1719,42.9,758,1764,43,345,785,1130,35.31,149,32,15-17,448,14,211,15,17,46.9
sanfrancisco,sanfrancisco,1362,258,727,105,3.4,439,14.2,764,1765,43.3,864,1851,46.7,325,813,1138,36.71,188,31,21-10,321,10.4,58,21,10,67.7
fgcu,fgcu,1195,269,724,133,4.2,449,14,852,1928,44.2,809,1787,45.3,272,789,1061,33.16,219,32,14-18,481,15,229,14,18,43.8
richmond,richmond,1350,251,723,101,3.1,519,15.7,863,1854,46.5,849,1800,47.2,201,756,957,29,249,33,13-20,336,10.2,261,13,20,39.4
mountstmarys,mountstmarys,1291,223,723,107,3.5,354,11.4,802,1804,44.5,733,1755,41.8,293,743,1036,33.42,146,31,9-22,410,13.2,318,9,22,29
coloradost,colorado,1160,259,722,76,2.4,472,14.8,864,1898,45.5,866,1818,47.6,256,825,1081,33.78,199,32,12-20,372,11.6,270,12,20,37.5
coloradost,coloradost,1161,259,722,76,2.4,472,14.8,864,1898,45.5,866,1818,47.6,256,825,1081,33.78,199,32,12-20,372,11.6,270,12,20,37.5
harvard,harvard,1217,260,722,123,4,369,11.9,763,1756,43.5,787,1711,46,293,826,1119,36.1,174,31,19-12,491,15.8,96,19,12,61.3
kansasst,kansas,1242,241,721,76,2.2,464,13.6,717,1728,41.5,806,1878,42.9,325,807,1132,33.29,256,34,25-9,385,11.3,37,25,9,73.5
kansasst,kansasst,1243,241,721,76,2.2,464,13.6,717,1728,41.5,806,1878,42.9,325,807,1132,33.29,256,34,25-9,385,11.3,37,25,9,73.5
sandiegost,sandiego,1360,261,721,113,3.3,487,14.3,792,1934,41,845,1940,43.6,346,882,1228,36.12,197,34,21-13,424,12.5,93,21,13,61.8
sandiegost,sandiegost,1361,261,721,113,3.3,487,14.3,792,1934,41,845,1940,43.6,346,882,1228,36.12,197,34,21-13,424,12.5,93,21,13,61.8
ucla,ucla,1417,256,721,135,4.1,472,14.3,918,2165,42.4,919,2012,45.7,379,977,1356,41.09,194,33,17-16,468,14.2,169,17,16,51.5
wyoming,wyoming,1461,248,720,88,2.8,331,10.3,835,1879,44.4,690,1655,41.7,169,812,981,30.66,175,32,8-24,447,14,329,8,24,25
dartmouth,dartmouth,1171,264,720,100,3.3,426,14.2,800,1739,46,791,1749,45.2,255,765,1020,34,159,30,11-19,363,12.1,277,11,19,36.7
gardnerwebb,gardnerwebb,1205,281,719,101,2.9,502,14.3,871,2101,41.5,955,1962,48.7,274,916,1190,34,238,35,23-12,407,11.6,69,23,12,65.7
alabama,alabama,1104,244,718,160,4.7,418,12.3,890,2047,43.5,856,1945,44,384,901,1285,37.79,157,34,18-16,465,13.7,156,18,16,52.9
tennesseest,tennessee,1397,240,716,78,2.6,342,11.4,752,1615,46.6,751,1739,43.2,319,713,1032,34.4,219,30,9-21,497,16.6,316,9,21,30
tennesseest,tennesseest,1398,240,716,78,2.6,342,11.4,752,1615,46.6,751,1739,43.2,319,713,1032,34.4,219,30,9-21,497,16.6,316,9,21,30
stonybrook,stonybrook,1392,233,715,142,4.3,372,11.3,746,1889,39.5,815,1937,42.1,414,934,1348,40.85,209,33,24-9,479,14.5,39,24,9,72.7
boisest,boisest,1129,252,715,68,2.1,398,12.1,795,1768,45,845,1801,46.9,245,774,1019,30.88,200,33,13-20,379,11.5,261,13,20,39.4
tennessee,tennessee,1397,262,714,199,5.4,661,17.9,888,2199,40.4,1106,2231,49.6,385,1006,1391,37.59,221,37,31-6,412,11.1,10,31,6,83.8
arizonast,arizona,1112,240,714,109,3.2,459,13.5,828,2007,41.3,899,2012,44.7,401,946,1347,39.62,213,34,23-11,467,13.7,59,23,11,67.6
arizonast,arizonast,1113,240,714,109,3.2,459,13.5,828,2007,41.3,899,2012,44.7,401,946,1347,39.62,213,34,23-11,467,13.7,59,23,11,67.6
njit,njit,1312,246,713,94,2.7,376,10.7,872,2041,42.7,849,1913,44.4,257,921,1178,33.66,223,35,22-13,421,12,88,22,13,62.9
southernmiss,southern,1380,275,712,110,3.3,553,16.8,757,1879,40.3,899,1929,46.6,280,898,1178,35.7,253,33,20-13,345,10.5,101,20,13,60.6
southernmiss,southernmiss,1379,275,712,110,3.3,553,16.8,757,1879,40.3,899,1929,46.6,280,898,1178,35.7,253,33,20-13,345,10.5,101,20,13,60.6
airforce,airforce,1102,234,711,57,1.8,434,13.6,821,1820,45.1,802,1776,45.2,253,824,1077,33.66,154,32,14-18,423,13.2,229,14,18,43.8
colorado,colorado,1160,230,711,107,3,478,13.3,878,2070,42.4,924,2036,45.4,364,990,1354,37.61,181,36,23-13,480,13.3,79,23,13,63.9
arkansasst,arkansas,1116,237,709,139,4.3,363,11.3,823,1862,44.2,796,1904,41.8,403,808,1211,37.84,183,32,13-19,450,14.1,248,13,19,40.6
arkansasst,arkansasst,1117,237,709,139,4.3,363,11.3,823,1862,44.2,796,1904,41.8,403,808,1211,37.84,183,32,13-19,450,14.1,248,13,19,40.6
arkansasst,kansas,1242,237,709,139,4.3,363,11.3,823,1862,44.2,796,1904,41.8,403,808,1211,37.84,183,32,13-19,450,14.1,248,13,19,40.6
arkansasst,kansasst,1243,237,709,139,4.3,363,11.3,823,1862,44.2,796,1904,41.8,403,808,1211,37.84,183,32,13-19,450,14.1,248,13,19,40.6
bryant,bryant,1136,230,708,78,2.6,319,10.6,809,1704,47.5,709,1681,42.2,285,684,969,32.3,158,30,10-20,385,12.8,300,10,20,33.3
maryland,maryland,1268,247,707,163,4.8,447,13.1,795,2005,39.7,858,1909,44.9,380,956,1336,39.29,148,34,23-11,439,12.9,59,23,11,67.6
prairieview,prairieview,1341,225,703,55,1.6,445,12.7,863,1887,45.7,903,2061,43.8,393,759,1152,32.91,309,35,22-13,445,12.7,88,22,13,62.9
depaul,depaul,1177,241,703,117,3.3,513,14.3,963,2132,45.2,1009,2143,47.1,406,940,1346,37.39,227,36,19-17,489,13.6,163,19,17,52.8
austinpeay,austinpeay,1122,268,702,110,3.3,454,13.8,863,1913,45.1,973,2060,47.2,400,823,1223,37.06,252,33,22-11,392,11.9,64,22,11,66.7
troy,troy,1407,236,701,134,4.5,392,13.1,795,1775,44.8,773,1719,45,283,739,1022,34.07,171,30,12-18,407,13.6,256,12,18,40
arizona,arizona,1112,235,699,73,2.3,398,12.4,787,1756,44.8,794,1861,42.7,324,791,1115,34.84,165,32,17-15,371,11.6,153,17,15,53.1
nccentral,nccentral,1300,221,693,93,2.7,526,15.5,831,1911,43.5,874,1922,45.5,404,867,1271,37.38,207,34,18-16,516,15.2,156,18,16,52.9
pennst,penn,1335,222,693,122,3.8,389,12.2,778,1766,44.1,791,1898,41.7,384,788,1172,36.63,245,32,14-18,399,12.5,229,14,18,43.8
pennst,pennst,1336,222,693,122,3.8,389,12.2,778,1766,44.1,791,1898,41.7,384,788,1172,36.63,245,32,14-18,399,12.5,229,14,18,43.8
milwaukee,milwaukee,1454,237,692,94,3,356,11.5,796,1812,43.9,765,1820,42,295,801,1096,35.35,145,31,9-22,382,12.3,318,9,22,29
providence,providence,1344,225,690,136,4,491,14.4,834,1927,43.3,835,1973,42.3,400,835,1235,36.32,253,34,18-16,445,13.1,156,18,16,52.9
calpoly,calpoly,1142,225,687,99,3.4,301,10.4,770,1671,46.1,706,1715,41.2,288,687,975,33.62,147,29,6-23,334,11.5,338,6,23,20.7
samford,samford,1359,254,687,127,3.8,461,14,872,2088,41.8,921,1951,47.2,322,903,1225,37.12,238,33,17-16,463,14,169,17,16,51.5
uncasheville,ncasheville,1421,223,687,86,2.8,331,10.7,810,1702,47.6,655,1627,40.3,298,633,931,30.03,196,31,4-27,457,14.7,348,4,27,12.9
bostoncollege,boston,1131,218,687,103,3.3,382,12.3,797,1900,41.9,768,1808,42.5,331,808,1139,36.74,159,31,14-17,379,12.2,222,14,17,45.2
bostoncollege,bostoncollege,1130,218,687,103,3.3,382,12.3,797,1900,41.9,768,1808,42.5,331,808,1139,36.74,159,31,14-17,379,12.2,222,14,17,45.2
weberst,weberst,1451,249,684,140,4.2,383,11.6,895,2090,42.8,920,1934,47.6,226,950,1176,35.64,179,33,18-15,386,11.7,141,18,15,54.5
stetson,stetson,1391,215,684,94,3,418,13.5,867,1863,46.5,794,1962,40.5,361,749,1110,35.81,210,31,7-24,397,12.8,333,7,24,22.6
csubakersfield,bakersfield,1167,221,683,105,3.1,379,11.1,749,1719,43.6,887,2092,42.4,498,774,1272,37.41,218,34,18-16,439,12.9,156,18,16,52.9
sacredheart,sacredheart,1357,243,681,133,4.2,471,14.7,886,2002,44.3,885,1926,46,360,871,1231,38.47,170,32,15-17,465,14.5,211,15,17,46.9
pittsburgh,pitt,1338,225,680,126,3.8,387,11.7,779,1905,40.9,769,1841,41.8,384,826,1210,36.67,227,33,14-19,448,13.6,241,14,19,42.4
lehigh,lehigh,1250,287,679,71,2.3,471,15.2,846,1967,43,856,1775,48.2,232,873,1105,35.65,171,31,20-11,419,13.5,78,20,11,64.5
princeton,princeton,1343,207,679,72,2.6,295,10.5,708,1640,43.2,685,1666,41.1,274,742,1016,36.29,168,28,16-12,354,12.6,129,16,12,57.1
idaho,idaho,1225,251,678,53,1.7,399,12.5,875,1940,45.1,778,1764,44.1,258,801,1059,33.09,130,32,5-27,433,13.5,345,5,27,15.6
indiana,indiana,1231,211,676,154,4.4,469,13.4,862,2057,41.9,919,2009,45.7,341,931,1272,36.34,226,35,19-16,433,12.4,148,19,16,54.3
saintlouis,saintlouis,1387,205,675,146,4.1,460,12.8,798,1948,41,855,2052,41.7,494,933,1427,39.64,254,36,23-13,463,12.9,79,23,13,63.9
marist,marist,1265,245,675,53,1.7,377,12.2,728,1637,44.5,739,1647,44.9,242,725,967,31.19,172,31,12-19,388,12.5,264,12,19,38.7
alabamast,alabama,1104,216,673,102,3.3,313,10.1,788,1732,45.5,712,1764,40.4,383,712,1095,35.32,203,31,12-19,451,14.5,264,12,19,38.7
alabamast,alabamast,1106,216,673,102,3.3,313,10.1,788,1732,45.5,712,1764,40.4,383,712,1095,35.32,203,31,12-19,451,14.5,264,12,19,38.7
cincinnati,cincinnati,1153,232,673,155,4.4,466,13.3,766,1869,41,872,2018,43.2,448,816,1264,36.11,214,35,28-7,365,10.4,20,28,7,80
wisconsin,wisconsin,1458,241,672,140,4.1,430,12.6,774,1950,39.7,874,1945,44.9,285,912,1197,35.21,177,34,23-11,328,9.6,59,23,11,67.6
jamesmadison,jamesmadison,1241,243,670,101,3.1,403,12.2,865,1879,46,821,1859,44.2,349,774,1123,34.03,211,33,14-19,420,12.7,241,14,19,42.4
saintmarys,saintmarys,1388,253,670,87,2.6,341,10,803,1834,43.8,899,1905,47.2,334,845,1179,34.68,201,34,22-12,357,10.5,75,22,12,64.7
holycross,holycross,1221,237,670,127,3.8,513,15.5,825,1805,45.7,848,1834,46.2,220,696,916,27.76,241,33,16-17,350,10.6,194,16,17,48.5
tulane,tulane,1408,213,670,109,3.5,444,14.3,863,1959,44.1,733,1784,41.1,306,822,1128,36.39,147,31,4-27,469,15.1,348,4,27,12.9
howard,howard,1224,244,669,144,4.2,463,13.6,911,2093,43.5,937,2163,43.3,400,853,1253,36.85,198,34,17-17,427,12.6,182,17,17,50
drexel,drexel,1180,237,669,62,1.9,464,14.5,921,1909,48.2,874,1900,46,317,809,1126,35.19,144,32,13-19,376,11.8,248,13,19,40.6
colofcharleston,charleston,1158,227,667,76,2.3,387,11.7,822,1837,44.7,878,1818,48.3,260,799,1059,32.09,216,33,24-9,347,10.5,39,24,9,72.7
southdakota,southdakota,1377,227,666,68,2.3,382,12.7,751,1670,45,729,1664,43.8,221,722,943,31.43,165,30,13-17,324,10.8,239,13,17,43.3
portland,portland,1339,216,664,123,3.8,369,11.5,830,1865,44.5,707,1708,41.4,234,798,1032,32.25,176,32,7-25,425,13.3,334,7,25,21.9
lamaruniversity,lamar,1249,228,664,97,2.9,481,14.6,819,1863,44,902,1976,45.6,450,832,1282,38.85,283,33,20-13,473,14.3,101,20,13,60.6
mercer,mercer,1273,228,663,80,2.6,393,12.7,779,1772,44,787,1746,45.1,307,752,1059,34.16,207,31,11-20,408,13.2,281,11,20,35.5
texasam,texas,1400,204,663,143,4.5,376,11.8,828,1960,42.2,806,1843,43.7,372,821,1193,37.28,215,32,14-18,445,13.9,229,14,18,43.8
texasam,texasam,1401,204,663,143,4.5,376,11.8,828,1960,42.2,806,1843,43.7,372,821,1193,37.28,215,32,14-18,445,13.9,229,14,18,43.8
santaclara,santaclara,1365,239,663,111,3.6,416,13.4,768,1779,43.2,735,1653,44.5,244,783,1027,33.13,146,31,16-15,433,14,165,16,15,51.6
southcarolina,southcarolina,1376,242,662,140,4.4,413,12.9,771,1823,42.3,806,1907,42.3,383,777,1160,36.25,202,32,16-16,433,13.5,182,16,16,50
clemson,clemson,1155,217,661,154,4.5,410,12.1,755,1856,40.7,833,1857,44.9,309,898,1207,35.5,223,34,20-14,451,13.3,114,20,14,58.8
manhattan,manhattan,1264,219,661,78,2.4,360,11.3,650,1499,43.4,651,1608,40.5,329,666,995,31.09,221,32,11-21,490,15.3,288,11,21,34.4
abilenechristian,abilenechr,1101,251,660,93,2.7,524,15.4,753,1737,43.4,897,1911,46.9,328,782,1110,32.65,297,34,27-7,407,12,23,27,7,79.4
navy,navy,1298,208,656,58,1.9,399,12.9,800,1782,44.9,732,1786,41,364,796,1160,37.42,167,31,12-19,437,14.1,264,12,19,38.7
columbia,columbia,1162,237,655,78,2.8,443,15.8,696,1587,43.9,778,1720,45.2,255,730,985,35.18,218,28,10-18,366,13.1,280,10,18,35.7
oklahoma,oklahoma,1328,226,654,102,3,430,12.6,852,2096,40.6,883,1975,44.7,307,956,1263,37.15,203,34,20-14,401,11.8,114,20,14,58.8
stanford,stanford,1390,207,653,147,4.7,392,12.6,814,1886,43.2,808,1783,45.3,323,825,1148,37.03,186,31,15-16,469,15.1,202,15,16,48.4
bradley,bradley,1133,240,653,131,3.7,423,12.1,779,1892,41.2,812,1874,43.3,317,878,1195,34.14,186,35,20-15,441,12.6,129,20,15,57.1
georgia,georgia,1208,210,653,163,5.1,423,13.2,853,2003,42.6,776,1761,44.1,357,857,1214,37.94,185,32,11-21,506,15.8,288,11,21,34.4
tulsa,tulsa,1409,222,652,76,2.4,430,13.4,793,1937,40.9,776,1732,44.8,248,870,1118,34.94,176,32,18-14,404,12.6,135,18,14,56.3
rider,rider,1351,222,651,101,3.3,450,14.5,814,1774,45.9,847,1893,44.7,368,776,1144,36.9,282,31,16-15,416,13.4,165,16,15,51.6
missourist,missouri,1281,224,649,127,4,354,11.1,749,1656,45.2,774,1714,45.2,271,729,1000,31.25,221,32,16-16,385,12,182,16,16,50
missourist,missourist,1283,224,649,127,4,354,11.1,749,1656,45.2,774,1714,45.2,271,729,1000,31.25,221,32,16-16,385,12,182,16,16,50
maine,maine,1263,201,647,94,2.9,471,14.7,757,1661,45.6,747,1728,43.2,281,734,1015,31.72,239,32,5-27,460,14.4,345,5,27,15.6
northdakota,northdakota,1315,241,647,87,2.9,398,13.3,806,1783,45.2,822,1771,46.4,236,773,1009,33.63,171,30,12-18,381,12.7,256,12,18,40
alcorn,alcorn,1108,211,646,107,3.5,391,12.6,782,1744,44.8,709,1721,41.2,344,735,1079,34.81,229,31,10-21,492,15.9,302,10,21,32.3
northwesternst,northwestern,1321,190,646,139,4.5,340,11,792,1827,43.3,725,1790,40.5,354,753,1107,35.71,192,31,11-20,497,16,281,11,20,35.5
jacksonville,jacksonville,1239,213,645,166,5.2,457,14.3,883,1958,45.1,889,1954,45.5,333,832,1165,36.41,213,32,12-20,463,14.5,270,12,20,37.5
seattleu,seattle,1370,238,642,118,3.6,386,11.7,776,1901,40.8,852,1945,43.8,338,873,1211,36.7,141,33,18-15,404,12.2,141,18,15,54.5
sanjosest,sanjosest,1363,210,641,52,1.7,423,13.6,920,1947,47.3,713,1765,40.4,327,803,1130,36.45,131,31,4-27,485,15.6,348,4,27,12.9
wakeforest,wakeforest,1448,197,640,77,2.5,330,10.6,830,1788,46.4,714,1812,39.4,401,774,1175,37.9,150,31,11-20,417,13.5,281,11,20,35.5
bostonu,boston,1131,221,639,73,2.2,447,13.5,858,1821,47.1,922,1923,47.9,312,779,1091,33.06,199,33,15-18,424,12.8,220,15,18,45.5
georgemason,georgemason,1206,210,637,97,2.9,399,12.1,832,1894,43.9,825,1855,44.5,324,842,1166,35.33,204,33,18-15,428,13,141,18,15,54.5
stbonaventure,stbonaventure,1382,208,635,164,4.8,417,12.3,750,1864,40.2,821,1914,42.9,336,847,1183,34.79,199,34,18-16,420,12.4,156,18,16,52.9
bethunecookman,bethunecookman,1126,204,635,108,3.5,444,14.3,786,1901,41.3,833,1900,43.8,421,853,1274,41.1,234,31,14-17,501,16.2,222,14,17,45.2
yale,yale,1463,230,634,131,4.4,503,16.8,779,1889,41.2,893,1812,49.3,263,895,1158,38.6,177,30,22-8,392,13.1,38,22,8,73.3
ohio,ohio,1325,187,633,115,3.7,451,14.5,812,1861,43.6,803,1838,43.7,337,818,1155,37.26,200,31,14-17,449,14.5,222,14,17,45.2
oregonst,oregon,1332,203,633,164,5.3,465,15,762,1764,43.2,800,1728,46.3,311,780,1091,35.19,185,31,18-13,387,12.5,125,18,13,58.1
oregonst,oregonst,1333,203,633,164,5.3,465,15,762,1764,43.2,800,1728,46.3,311,780,1091,35.19,185,31,18-13,387,12.5,125,18,13,58.1
jacksonvillest,jacksonville,1239,200,633,136,4.1,446,13.5,798,1931,41.3,953,2062,46.2,401,909,1310,39.7,246,33,24-9,439,13.3,39,24,9,72.7
jacksonvillest,jacksonvillest,1240,200,633,136,4.1,446,13.5,798,1931,41.3,953,2062,46.2,401,909,1310,39.7,246,33,24-9,439,13.3,39,24,9,72.7
gasouthern,gasouthern,1204,204,632,132,4,403,12.2,899,2033,44.2,1012,2028,49.9,320,873,1193,36.15,255,33,21-12,452,13.7,81,21,12,63.6
gasouthern,southern,1380,204,632,132,4,403,12.2,899,2033,44.2,1012,2028,49.9,320,873,1193,36.15,255,33,21-12,452,13.7,81,21,12,63.6
georgewashington,ewashington,1186,196,631,96,2.9,375,11.4,849,1925,44.1,745,1842,40.4,275,840,1115,33.79,170,33,9-24,412,12.5,325,9,24,27.3
georgewashington,washington,1449,196,631,96,2.9,375,11.4,849,1925,44.1,745,1842,40.4,275,840,1115,33.79,170,33,9-24,412,12.5,325,9,24,27.3
longbeachst,longbeachst,1253,217,630,105,3.1,399,11.7,948,2133,44.4,877,2031,43.2,381,882,1263,37.15,219,34,15-19,480,14.1,228,15,19,44.1
denver,denver,1176,227,622,78,2.6,354,11.8,822,1748,47,755,1723,43.8,275,766,1041,34.7,142,30,8-22,408,13.6,326,8,22,26.7
amcorpuschristi,amcorpuschris,1394,202,621,90,2.8,423,13.2,694,1694,41,774,1803,42.9,352,807,1159,36.22,197,32,14-18,456,14.3,229,14,18,43.8
ballst,ballst,1123,202,621,118,3.6,426,12.9,851,2055,41.4,889,1892,47,311,932,1243,37.67,217,33,16-17,480,14.5,194,16,17,48.5
tennesseetech,tennessee,1397,213,620,134,4.3,389,12.5,840,1904,44.1,742,1784,41.6,334,788,1122,36.19,226,31,8-23,517,16.7,327,8,23,25.8
tennesseetech,tennesseetech,1399,213,620,134,4.3,389,12.5,840,1904,44.1,742,1784,41.6,334,788,1122,36.19,226,31,8-23,517,16.7,327,8,23,25.8
dayton,dayton,1173,205,617,81,2.5,541,16.4,803,1941,41.4,902,1789,50.4,266,879,1145,34.7,164,33,21-12,414,12.5,81,21,12,63.6
loyolamaryland,lamar,1249,210,616,73,2.3,448,14,885,1819,48.7,842,1836,45.9,298,698,996,31.13,278,32,11-21,444,13.9,288,11,21,34.4
loyolamaryland,maryland,1268,210,616,73,2.3,448,14,885,1819,48.7,842,1836,45.9,298,698,996,31.13,278,32,11-21,444,13.9,288,11,21,34.4
charlotte,charlotte,1150,191,615,101,3.5,288,9.9,688,1570,43.8,598,1442,41.5,202,691,893,30.79,138,29,8-21,421,14.5,323,8,21,27.6
rhodeisland,rhodeisland,1348,172,615,129,3.9,401,12.2,774,1818,42.6,821,1914,42.9,378,816,1194,36.18,235,33,18-15,405,12.3,141,18,15,54.5
centralconnst,centralconn,1148,201,612,110,3.5,353,11.4,800,1817,44,754,1821,41.4,337,771,1108,35.74,172,31,11-20,427,13.8,281,11,20,35.5
rutgers,rutgers,1353,191,612,124,4,390,12.6,755,1776,42.5,771,1842,41.9,391,819,1210,39.03,201,31,14-17,408,13.2,222,14,17,45.2
kentucky,kent,1245,215,607,176,4.8,501,13.5,854,2134,40,978,2050,47.7,430,995,1425,38.51,220,37,30-7,466,12.6,15,30,7,81.1
kentucky,kentucky,1246,215,607,176,4.8,501,13.5,854,2134,40,978,2050,47.7,430,995,1425,38.51,220,37,30-7,466,12.6,15,30,7,81.1
minnesota,minnesota,1278,191,603,140,3.9,523,14.5,922,2107,43.8,887,2039,43.5,407,906,1313,36.47,175,36,22-14,419,11.6,98,22,14,61.1
california,california,1143,207,592,99,3.2,335,10.8,836,1708,48.9,739,1735,42.6,249,652,901,29.06,227,31,8-23,354,11.4,327,8,23,25.8
calstfullerton,calstfullerton,1168,187,589,118,3.5,407,12,864,2029,42.6,868,1911,45.4,288,936,1224,36,200,34,16-18,451,13.3,206,16,18,47.1
houstonbaptist,houston,1222,200,588,54,1.8,449,15,887,1805,49.1,865,1896,45.6,413,729,1142,38.07,234,30,12-18,442,14.7,256,12,18,40
houstonbaptist,houstonbap,1223,200,588,54,1.8,449,15,887,1805,49.1,865,1896,45.6,413,729,1142,38.07,234,30,12-18,442,14.7,256,12,18,40
valparaiso,valparaiso,1434,185,585,101,3.1,431,13.1,788,1822,43.2,802,1783,45,294,819,1113,33.73,202,33,15-18,436,13.2,220,15,18,45.5
american,american,1110,190,583,131,4.4,402,13.4,747,1709,43.7,780,1644,47.4,252,762,1014,33.8,221,30,15-15,386,12.9,182,15,15,50
highpoint,highpoint,1219,180,583,91,2.9,404,13,740,1753,42.2,763,1719,44.4,363,820,1183,38.16,170,31,16-15,406,13.1,165,16,15,51.6
southcarolinast,southcarolina,1376,193,582,60,1.8,386,11.4,903,1861,48.5,811,1892,42.9,383,755,1138,33.47,167,34,8-26,494,14.5,332,8,26,23.5
alabamaam,alabama,1104,182,576,49,1.5,384,12,811,1730,46.9,736,1807,40.7,321,704,1025,32.03,234,32,5-27,487,15.2,345,5,27,15.6
alabamaam,alabamaam,1105,182,576,49,1.5,384,12,811,1730,46.9,736,1807,40.7,321,704,1025,32.03,234,32,5-27,487,15.2,345,5,27,15.6
arkpinebluff,arkpinebluff,1115,194,574,109,3.4,365,11.4,779,1713,45.5,719,1685,42.7,320,743,1063,33.22,216,32,13-19,478,14.9,248,13,19,40.6
georgiatech,georgia,1208,176,573,166,5.2,433,13.5,740,1848,40,755,1714,44,262,809,1071,33.47,221,32,14-18,459,14.3,229,14,18,43.8
georgiatech,georgiatech,1210,176,573,166,5.2,433,13.5,740,1848,40,755,1714,44,262,809,1071,33.47,221,32,14-18,459,14.3,229,14,18,43.8
southernill,southern,1380,213,570,129,4,438,13.7,781,1830,42.7,802,1720,46.6,292,788,1080,33.75,212,32,17-15,448,14,153,17,15,53.1
saintpeters,saintpeters,1389,184,567,177,5.5,301,9.4,728,1677,43.4,707,1639,43.1,297,740,1037,32.41,172,32,10-22,489,15.3,311,10,22,31.3
neworleans,neworleans,1309,189,566,134,4.1,497,15.1,815,1860,43.8,862,1941,44.4,400,766,1166,35.33,285,33,19-14,517,15.7,127,19,14,57.6
pacific,pacific,1334,198,566,46,1.4,325,10.2,757,1631,46.4,710,1681,42.2,284,756,1040,32.5,199,32,14-18,426,13.3,229,14,18,43.8
monmouth,monmouth,1284,168,566,101,2.9,379,10.8,788,1879,41.9,794,1916,41.4,363,861,1224,34.97,237,35,14-21,502,14.3,256,14,21,40
mississippival,mississippi,1279,172,554,70,2.2,361,11.3,897,1935,46.4,730,1923,38,381,789,1170,36.56,176,32,6-26,415,13,341,6,26,18.8
jacksonst,jacksonst,1238,155,554,124,3.9,359,11.2,694,1649,42.1,717,1774,40.4,335,792,1127,35.22,209,32,13-19,437,13.7,248,13,19,40.6
grambling,grambling,1212,223,553,147,4.3,420,12.4,782,2003,39,834,1846,45.2,311,976,1287,37.85,193,34,17-17,535,15.7,182,17,17,50
towson,towson,1406,180,550,94,2.9,319,10,781,1792,43.6,810,1860,43.5,391,791,1182,36.94,154,32,10-22,390,12.2,311,10,22,31.3
mcneese,mcneese,1270,168,548,97,3.1,429,13.8,839,1839,45.6,760,1676,45.3,311,742,1053,33.97,147,31,9-22,450,14.5,318,9,22,29
eastcarolina,eastcarolina,1187,155,545,110,3.5,382,12.3,787,1753,44.9,749,1791,41.8,321,740,1061,34.23,224,31,10-21,416,13.4,302,10,21,32.3
southernu,southern,1380,180,544,86,2.7,372,11.6,792,1648,48.1,752,1710,44,316,665,981,30.66,216,32,7-25,510,15.9,334,7,25,21.9
morganst,morganst,1288,168,521,48,1.6,358,11.9,804,1726,46.6,757,1919,39.4,398,683,1081,36.03,230,30,9-21,401,13.4,316,9,21,30
indianast,indiana,1231,178,491,73,2.4,342,11,770,1709,45.1,757,1719,44,255,752,1007,32.48,207,31,15-16,402,13,202,15,16,48.4
indianast,indianast,1232,178,491,73,2.4,342,11,770,1709,45.1,757,1719,44,255,752,1007,32.48,207,31,15-16,402,13,202,15,16,48.4
floridaam,florida,1196,180,489,111,3.6,355,11.5,704,1645,42.8,719,1640,43.8,288,707,995,32.1,226,31,12-19,498,16.1,264,12,19,38.7
floridaam,floridaam,1197,180,489,111,3.6,355,11.5,704,1645,42.8,719,1640,43.8,288,707,995,32.1,226,31,12-19,498,16.1,264,12,19,38.7
chicagost,chicagost,1152,141,471,72,2.3,376,11.8,964,1989,48.5,718,1751,41,252,743,995,31.09,193,32,3-29,513,16,351,3,29,9.4
kennesawst,kennesaw,1244,136,438,106,3.3,362,11.3,907,1945,46.6,742,1945,38.1,378,785,1163,36.34,185,32,6-26,437,13.7,341,6,26,18.8
